"gen_spp","species_id","n_obis_rec","BO_sstmean_NA","BO21_tempmax_bdmean_NA","BO21_tempmax_ss_NA","BO21_tempmean_bdmean_NA","BO21_tempmean_bdmin_NA","BO21_tempmax_bdmin_NA","BO21_templtmax_bdmin_NA","BO_sstmean_mean","BO21_tempmax_bdmean_mean","BO21_tempmax_ss_mean","BO21_tempmean_bdmean_mean","BO21_tempmean_bdmin_mean","BO21_tempmax_bdmin_mean","BO21_templtmax_bdmin_mean","BO_sstmean_min","BO21_tempmax_bdmean_min","BO21_tempmax_ss_min","BO21_tempmean_bdmean_min","BO21_tempmean_bdmin_min","BO21_tempmax_bdmin_min","BO21_templtmax_bdmin_min","BO_sstmean_max","BO21_tempmax_bdmean_max","BO21_tempmax_ss_max","BO21_tempmean_bdmean_max","BO21_tempmean_bdmin_max","BO21_tempmax_bdmin_max","BO21_templtmax_bdmin_max","BO_sstmean_median","BO21_tempmax_bdmean_median","BO21_tempmax_ss_median","BO21_tempmean_bdmean_median","BO21_tempmean_bdmin_median","BO21_tempmax_bdmin_median","BO21_templtmax_bdmin_median","BO_sstmean_sd","BO21_tempmax_bdmean_sd","BO21_tempmax_ss_sd","BO21_tempmean_bdmean_sd","BO21_tempmean_bdmin_sd","BO21_tempmax_bdmin_sd","BO21_templtmax_bdmin_sd","BO_sstmean_mad","BO21_tempmax_bdmean_mad","BO21_tempmax_ss_mad","BO21_tempmean_bdmean_mad","BO21_tempmean_bdmin_mad","BO21_tempmax_bdmin_mad","BO21_templtmax_bdmin_mad","BO_sstmean_q5","BO21_tempmax_bdmean_q5","BO21_tempmax_ss_q5","BO21_tempmean_bdmean_q5","BO21_tempmean_bdmin_q5","BO21_tempmax_bdmin_q5","BO21_templtmax_bdmin_q5","BO_sstmean_q95","BO21_tempmax_bdmean_q95","BO21_tempmax_ss_q95","BO21_tempmean_bdmean_q95","BO21_tempmean_bdmin_q95","BO21_tempmax_bdmin_q95","BO21_templtmax_bdmin_q95","scientificName","hasSebensData"
"Alcyonium digitatum",125333,46166,1840,1840,1840,1840,1840,1840,1840,11.3707336072096,15.3395126763381,16.3748998073756,10.7115949974891,11.221577042498,16.4849946053349,15.4766035999723,5.94199991226196,2.11402797698975,12.8599939346313,2.1012818813324,2.2143919467926,2.22830104827881,2.21791005134583,15.5600004196167,24.2940578460693,25.9313068389893,19.4017181396484,19.5346450805664,24.4132137298584,23.0474452972412,11.3979997634888,15.1464471817017,16.2072467803955,10.6377582550049,10.9653797149658,16.462926864624,15.4184970855713,1.06826761234213,1.88572161804422,1.69216967314891,1.06262071456465,1.10532205299144,1.93978706619662,1.74539003321863,1.50187452392578,1.94215854892731,1.96934676933289,1.18793392868042,1.2634837846756,2.29325689716339,2.01752742347717,9.84000015258789,12.3421993255615,13.8293504714966,9.28845691680908,9.837965965271,13.4728403091431,12.7046594619751,12.8090000152588,18.7468719482422,19.6162872314453,12.3270225524902,12.9322862625122,20.2531585693359,18.3930988311768,"Alcyonium digitatum",FALSE
"Anomia simplex",156737,385,2,2,2,2,2,2,2,18.494141065732,24.7416220657508,25.6824104717444,18.3243565366411,18.607173095484,25.3876368818955,24.2792436933393,7.50400018692017,10.303318977356,15.1399936676025,3.69944405555725,6.12572193145752,10.4252033233643,8.71135997772217,27.6660003662109,31.0902976989746,31.2081298828125,27.1684875488281,27.1748199462891,31.0817737579346,30.5458240509033,24.992000579834,29.330249786377,29.4522037506104,24.6561851501465,24.724588394165,29.4475116729736,28.5938243865967,8.75650519662676,6.93447231133699,5.7232896230692,8.83051181598652,8.63082191739131,6.24992905423395,6.7141464974021,2.3425078868866,2.45057643241882,2.3274129032135,2.68482297935486,2.58582330093384,2.28714170379639,2.71764283332825,7.68250012397766,10.7126541137695,15.4988089561462,6.51199836730957,7.21737880706787,13.4019678115845,11.9522686004639,26.6828004837036,31.0163036346436,31.0641313552856,26.5772317886353,26.5606098175049,31.0237941741943,30.4434509277344,"Anomia simplex",FALSE
"Aplidium glabrum",103647,345,50,50,50,50,50,50,50,9.47678985484418,14.1873950459189,16.823823273384,8.55777667619414,9.07663488852776,16.2432984356153,14.8436202408904,-0.469999998807907,0.214067995548248,3.16254997253418,-1.13324105739594,-0.983319997787476,1.97085297107697,0.770846009254456,22.0839996337891,28.8794212341309,28.9198455810547,22.981409072876,23.1778259277344,29.050708770752,28.0682258605957,10.3590002059937,14.2996864318848,17.3493728637695,9.03036117553711,9.63919162750244,17.0499610900879,15.7971038818359,2.69200071314235,3.64617744857982,3.47430139317961,3.22967179582424,3.13509709515431,3.83366548782934,3.92138438578944,2.24762129459381,1.37762934780121,2.787812733078,3.55030028743744,3.69425406017303,1.91012624702454,1.74459609260559,5.8885000705719,5.0855194568634,12.1384006500244,3.3018620967865,3.46629993915558,5.73574199676514,4.6251796245575,12.4944999694824,19.1353363037109,21.4871349334717,12.5753877639771,12.8970170974731,20.7545707702637,19.289803314209,"Aplidium glabrum",FALSE
"Balanus balanus",106213,5302,461,461,461,461,461,461,461,9.83641601229896,14.2905478423488,15.051445937137,9.47736222305894,9.8322780232068,15.153191344255,14.021719364933,-0.676999986171722,-0.939280986785889,0.665058016777039,-1.57054901123047,-1.5667120218277,-0.870462000370026,-1.21068298816681,25.7280006408691,23.7331409454346,27.9471988677979,16.139778137207,20.402229309082,26.6752090454102,25.487491607666,10.5579996109009,14.7856941223145,14.9099931716919,10.3212947845459,10.6379518508911,15.3046369552612,14.4269418716431,2.59631966367227,3.35562423214739,2.550011628626,2.76911886851112,2.8184697364885,3.31431449878997,3.40236747244756,1.24538281230927,1.34370381031036,1.86722940273285,1.0173490190506,0.98458572177887,1.28306795654297,1.83963821582794,4.68900012969971,6.49046421051025,12.338059425354,2.62121391296387,2.62996101379395,6.49016904830933,5.40068912506104,12.2320003509521,19.3691291809082,19.4799938201904,11.9149150848389,12.3697700500488,20.285099029541,18.5899486541748,"Balanus balanus",FALSE
"Boltenia echinata",103814,392,20,21,21,21,21,21,21,5.9656908771584,10.6205022489286,13.3134421216188,5.16748516807318,5.55352242267879,11.6962090573221,10.1743513650971,-0.187000006437302,1.08502304553986,3.16254997253418,-1.20329797267914,-1.20329797267914,2.4087541103363,0.914772987365723,18.1100006103516,23.2186603546143,26.4419460296631,16.7835121154785,18.4518756866455,27.7603569030762,26.5566139221191,7.24550008773804,11.0433931350708,13.8599939346313,5.72388410568237,6.30388689041138,13.414662361145,11.3993673324585,4.19747674803382,4.69756094188322,3.66448409467402,4.56869999186268,4.7619506414931,4.8864787371421,5.06444006988128,5.3959229092598,5.41105253391266,3.17741205596924,6.81507477350235,6.63054722299576,5.50070056171417,5.47407225265503,0.367550006508827,2.88638854026794,7.88676881790161,-0.584603011608124,-0.510667026042938,3.79646396636963,2.6798495054245,10.9144497394562,16.1140298843384,19.5359048843384,10.7056970596313,11.028892993927,18.7905969619751,17.0219802856445,"Boltenia echinata",FALSE
"Boltenia ovifera",103815,1372,12,12,12,12,12,12,12,5.53016688060632,9.91339118331945,15.8717939085601,4.06606430499678,4.55970205072834,11.8612591817722,10.090730378481,-0.913999974727631,-0.94003701210022,-0.635218977928162,-1.57993900775909,-1.57537305355072,-0.870462000370026,-1.21068298816681,15.9200000762939,21.4964771270752,25.4718055725098,14.409499168396,14.1935949325562,21.4964771270752,20.0847606658936,4.8769998550415,8.31758689880371,15.6680717468262,3.31576752662659,3.97178196907043,10.8578128814697,8.9860143661499,2.55605334312181,4.97306506676183,3.64323790769404,3.20661997014214,3.14260320867767,4.97100079531238,4.86649702616952,1.28170741438866,4.66327820549011,2.49204804782867,2.69603914536238,2.72644482350349,6.67394954280853,6.32131921491623,1.10104999542236,3.96982110738754,9.34344100952148,-0.242091450840235,0.0453240014612675,4.88905882835388,3.29760376214981,10.3879995346069,20.0253019332886,20.5947246551514,10.9603471755981,10.9603471755981,20.2924003601074,18.6002807617188,"Boltenia ovifera",FALSE
"Boreolithothamnion glaciale",1736213,2794,122,122,122,122,122,122,122,8.57310851828424,14.2443218570716,16.413499351747,7.94760927466765,8.47789472846655,15.6205664806425,14.3167041839731,1.17400002479553,0.297271013259888,7.68052101135254,-0.0197999998927116,0.0382010005414486,0.781536996364594,0.434174001216888,27.0160007476807,27.841423034668,29.9360828399658,24.610559463501,24.6533966064453,27.9698638916016,27.3420753479004,9.13500022888184,14.8762130737305,15.4254965782166,9.61644268035889,9.96040534973145,15.3628783226013,14.3007946014404,2.54062988464423,3.90103385045369,2.81915350020205,3.17881730290485,2.85471670102709,3.24385053723742,3.18607040155494,2.49818020820618,1.55723363742828,2.12303889913559,2.16375053386688,1.79154663848877,1.26172133646011,1.60555568332672,4.46299982070923,6.0853328704834,13.4552230834961,2.11420106887817,2.94507318735123,9.33294486999512,7.63897180557251,11.1669998168945,19.8158912658691,20.4573059082031,11.0354719161987,11.1285705566406,20.213436126709,18.3857727050781,"Lithothamnion glaciale",FALSE
"Botrylloides violaceus",148715,3030,271,271,271,271,271,271,271,13.4620985523347,19.4290158036568,19.9810965030943,13.255491513636,13.4584187275692,19.9433661773612,18.5528696634148,4.8769998550415,0.936272025108337,12.1309499740601,0.418610006570816,1.21602702140808,1.22514402866364,1.21998000144958,29.6909999847412,31.21413230896,31.0088653564453,29.0889110565186,29.1079902648926,31.1607685089111,30.7992267608643,11.6319999694824,18.9526748657227,19.8590145111084,11.5813913345337,11.6597557067871,19.6471767425537,18.0141124725342,5.56868794167348,4.57563975697521,4.25899316230033,5.40980810708625,5.34544399173115,4.42164540449979,4.42697830828086,4.633125,4.9736868347168,4.07338049583435,4.19085159301758,4.22569759082794,5.51981389904022,5.04727982883453,7.48099994659424,14.4321365356445,14.6443586349487,7.28605604171753,7.45280694961548,14.7357482910156,13.3507461547852,26.1439990997314,29.0220985412598,29.2961139678955,25.6680583953857,25.5748405456543,29.4069042205811,28.7730903625488,"Botrylloides violaceus",FALSE
"Botryllus schlosseri",103862,14361,1581,1581,1581,1581,1581,1581,1581,11.5323000593365,16.3075693358465,16.7871380110488,11.2409993043714,11.6455838476548,17.1680721676872,16.1081827030589,6.53900003433228,1.19101202487946,12.3372631072998,1.18545496463776,1.21602702140808,1.22514402866364,1.21998000144958,29.6459999084473,32.2535057067871,31.2081298828125,29.6877613067627,29.3147373199463,31.5141220092773,30.8053741455078,11.6829996109009,15.8570127487183,16.5800704956055,11.146372795105,11.7218160629272,16.9380798339844,16.0879821777344,2.14863399511942,2.58404956334673,2.66438815935894,1.98706663193794,2.04759575596625,2.44975603714232,2.35987981837144,1.31061955375671,2.02370765705109,2.00053496246338,1.42125860137939,1.41465136470795,1.8102810459137,1.59908418273926,8.15200042724609,12.994176864624,13.5911358833313,8.49294185638428,8.61016178131104,14.5372896194458,13.2178621292114,14.1269998550415,20.7187731742859,21.2280712127686,12.9099426269531,13.080246925354,21.0545139312744,19.6475609779357,"Botryllus schlosseri",FALSE
"Bugula simplex",834016,104,17,17,17,17,17,17,17,12.5753447214762,17.833298519425,19.4170547573046,11.5912673019472,12.6486348941408,19.607382873009,18.3098619943378,8.03400039672852,0.406078994274139,13.476634979248,0.117871001362801,6.35232496261597,10.5693216323853,8.8880672454834,25.0069999694824,27.2009220123291,30.4974384307861,22.9148654937744,22.9187965393066,27.205961227417,25.7583465576172,12.2659997940063,18.3160343170166,19.3929347991943,12.1192502975464,12.1448240280151,20.0155048370361,18.5429344177246,3.31496552469059,4.66021773362205,3.99852904401023,3.32389445189494,2.95806238332594,3.48102755915128,3.40662393193731,1.02151159229279,3.02565345840454,3.15401737632751,1.07473003463745,1.1773620672226,2.79338074035645,2.49326825866699,9.1319001197815,11.4602705955505,13.476634979248,6.8541615486145,9.85763692855835,14.4940757751465,13.1623935699463,20.2859992980957,22.9827131271362,27.109992980957,16.139778137207,20.402229309082,26.6752090454102,25.487491607666,"Bugulina simplex",FALSE
"Clathria prolifera",167563,323,6,6,6,6,6,6,6,13.7287380687822,22.8277254200508,23.8361417999027,14.2747022315907,14.4326325773441,23.2362441099028,21.8821532643556,7.53499984741211,0.950637996196747,15.0863370895386,0.933403015136719,0.948597013950348,0.969460010528564,0.959794998168945,28.1189994812012,30.2415561676025,30.8379611968994,25.542760848999,25.542760848999,30.3348388671875,29.2993698120117,12.0459995269775,22.2104301452637,22.4720420837402,14.1777477264404,13.756573677063,22.3649215698242,20.9000988006592,4.10773082126604,4.20655288928245,3.5439404689573,3.85802696779844,3.80976732320643,3.92016555243922,4.06093766725375,1.41143611621857,3.27844494781494,1.70094845809937,3.39635153160095,2.8223943283081,2.54722617988586,2.6989282207489,9.31400012969971,15.985718536377,17.7647521972656,10.2549390792847,10.3572597503662,16.3924343109131,14.9134557723999,24.4427993774414,28.1032943725586,29.1532974243164,23.8308391571045,23.8255977630615,28.0136974334717,26.994441986084,"Clathria (Clathria) prolifera",FALSE
"Clathromorphum circumscriptum",145104,144,18,18,18,18,18,18,18,6.97412700075952,10.6497104281471,12.9510572221544,5.96092969226459,6.30089486756968,11.7346180790947,10.4237794582806,0.538999974727631,1.11760699748993,4.86736297607422,-0.313906013965607,-0.313906013965607,1.11793601512909,1.11513996124268,24.6030006408691,19.9735164642334,29.4883766174316,8.55185604095459,9.2878885269165,19.9735164642334,18.0484313964844,6.83249998092651,11.0844850540161,12.7287130355835,6.74321889877319,6.9414849281311,11.2206659317017,9.84347295761108,3.51574394612678,4.14983279911532,4.14881202066397,2.0305177531297,1.97854737863463,4.02721596492004,3.76865677166248,1.87178292417526,3.76227904701233,3.89845344543457,1.76711272945404,1.473163514328,2.5660835981369,2.86571746873856,4.22599983215332,3.03106093406677,8.7549877166748,1.773810505867,1.86191701889038,3.15303492546082,2.27193892002106,8.88399982452393,15.8344221115112,18.7673277854919,8.10874438285828,8.41365218162537,15.8498046398163,14.4882326126099,"Clathromorphum circumscriptum",FALSE
"Cliona celata",134121,15526,753,753,753,753,753,753,753,12.1599477338846,15.8959122109165,16.9821659223184,11.5298946429429,12.1762614416292,17.2093097497718,16.2454463558433,7.53499984741211,0.429286986589432,12.8599939346313,0.163862004876137,0.948597013950348,0.969460010528564,0.959794998168945,29.3999996185303,31.3642864227295,31.1657218933105,28.7744674682617,28.8774223327637,31.3482112884521,30.5695571899414,12.0880002975464,15.6676940917969,17.11350440979,11.4259281158447,12.1924161911011,17.2452487945557,16.2716445922852,1.71848418315256,2.32740737644191,2.26388502735467,1.44675589775634,1.62299589816733,2.17132991122085,2.06206173001864,0.778365848350525,1.67160542736053,1.16761876144409,0.843280216598511,0.880480387115478,1.3138008682251,1.08500355949402,10.3319997787476,12.6146507263184,14.0899925231934,9.76812191009521,10.3902759552002,14.639310836792,13.6013107299805,12.9840002059937,18.7764186859131,21.6049041748047,12.7971305847168,13.0450620651245,19.3762229919434,18.2045101165771,"Cliona celata",FALSE
"Dendrodoa carnea",103881,218,3,3,3,3,3,3,3,7.01351161779359,13.0328368586163,17.9716489836227,5.85173489326654,6.64305911452271,15.4528807063435,13.7494632476984,4.08199977874756,5.04199695587158,13.33620262146,1.15715897083282,1.86768305301666,5.49231481552124,4.5204381942749,23.3439998626709,27.9209156036377,28.8685665130615,23.9864444732666,23.680305480957,28.1640872955322,27.3639488220215,6.92799997329712,14.1046085357666,15.7099933624268,4.9844241142273,5.30713415145874,15.926552772522,14.0504150390625,3.14499948859746,5.23370734089683,3.28213225723637,4.29580532445332,3.9513002416436,4.37399780068455,4.47074252602861,3.0912210565567,3.01141248092651,0.845081547546387,3.85334876890182,3.04378235564232,3.57569141864777,4.22998600273132,4.30399990081787,5.85817346572876,15.1399936676025,1.87625941038132,2.8968273639679,9.30887985229492,7.63897180557251,14.5377000808716,23.582820892334,25.6108322143555,16.9066886901855,16.0384826660156,23.626859664917,22.16042137146,"Dendrodoa carnea",FALSE
"Didemnum albidum",103560,195,0,0,0,0,0,0,0,6.9121794914779,11.8767486113768,16.0946377106202,5.58964795049949,6.37375917507288,14.4589129686356,12.8091470363813,-0.259999990463257,1.35042798519135,3.0190761089325,-1.18161904811859,-0.966576993465424,1.49477696418762,0.876266002655029,17.5779991149902,26.734354019165,24.9999942779541,17.4464111328125,17.4464111328125,26.3482131958008,24.8877944946289,7.66300010681152,13.3704881668091,17.3493728637695,6.13254022598267,7.00561380386353,16.6918544769287,14.3645429611206,3.28972250188821,4.54720899653819,4.9170732840354,3.25955302950344,3.42142115402548,5.43338270887878,5.47426278179349,1.70943761901855,2.43031358013153,3.4295446598053,2.15249645719528,2.47751226854324,4.18819625587463,4.8175097448349,-0.0240000002086163,3.41367101669312,3.17372107505798,-0.957804977893829,-0.957804977893829,3.41367101669312,0.944012999534607,10.7664999008179,19.2461233139038,20.5438522338867,10.3695740699768,10.9859228134155,19.8318241119385,18.0369462966919,"Didemnum albidum",FALSE
"Didemnum vexillum",250126,761,27,27,27,27,27,27,27,9.44379825618027,17.0121445876701,16.8096466701102,9.66412358842689,9.74785103914848,17.1921002338628,15.6841511076737,8.03699970245361,10.7834367752075,14.3473224639893,6.90081882476807,8.49465370178223,14.6669292449951,13.2659482955933,17.2749996185303,23.92702293396,23.838041305542,17.624095916748,17.624095916748,23.92702293396,22.4932060241699,8.5019998550415,15.726637840271,15.1584692001343,8.49699306488037,8.50489330291748,15.7564401626587,14.1059112548828,1.78848172073543,2.52023297523956,2.58539263205815,1.72705669388152,1.73796119632993,2.49073605508418,2.54511842422518,0.530770505905151,0.231390433502197,0.0281510982513428,0.110159729576111,0.0117128929138184,0.0418477174758911,0.020264266204834,8.03699970245361,15.2535028457642,15.1394815444946,8.42269134521484,8.49465370178223,15.5115041732788,14.0922431945801,12.5869000911713,22.0747852325439,22.1981620788574,12.5647850036621,12.5772132873535,22.0747852325439,20.6510810852051,"Didemnum vexillum",FALSE
"Diplosoma listerianum",103579,3117,432,432,432,432,432,432,432,13.352954529828,17.6256585155785,18.3581419438623,12.9067449923778,13.5306653565313,18.659961839184,17.670141102393,1.94400000572205,0.936272025108337,10.2719812393188,0.418610006570816,0.945585012435913,1.18331503868103,1.17819797992706,29.6499996185303,31.3642864227295,31.2699928283691,29.0957832336426,29.1066474914551,31.3482112884521,30.5578117370605,11.8599996566772,15.7403450012207,16.8068161010742,11.2577905654907,11.8957633972168,16.9573593139648,16.1127452850342,5.09601344903959,5.14867439932409,5.15838064214606,4.81779707042844,4.99430329668335,5.01549156716867,5.03770625999449,1.71981577377319,1.99710197067261,3.08606167144775,1.50526792602539,1.61187589473724,2.48396750907898,2.59699466342926,8.76599979400635,12.994176864624,13.476634979248,8.62862873077393,9.51264438629151,14.5719661712646,13.2482233047485,25.4150009155273,30.1757514953613,30.2086353302002,24.0810134887695,24.8932914733887,30.2858936309814,29.6552227020264,"Diplosoma listerianum",FALSE
"Ectopleura crocea",117981,1556,50,50,50,50,50,50,50,12.6068800455862,16.8131292614131,18.4854012882092,11.7565007386197,12.8187217853845,18.8945320725965,17.6880901059257,-1.35300004482269,-0.640832006931305,-1.21000599861145,-1.65193498134613,-1.68463099002838,-1.06828498840332,-1.36197304725647,28.8080005645752,31.3642864227295,31.0272102355957,24.7850780487061,27.9480152130127,31.3482112884521,30.4971008300781,12.7580003738403,15.5607042312622,17.5178394317627,11.563624382019,12.9322862625122,18.1636028289795,17.0034694671631,2.79278841999552,3.93222203537,3.42593647011501,2.74174216391145,2.75311223783452,3.37261078746915,3.32871639648349,0,0,0,0,0,0,0,10.460000038147,15.5607042312622,17.5178394317627,10.83997631073,10.955192565918,17.0942249298096,16.1575298309326,12.7580003738403,22.5004081726074,22.5001735687256,12.2809903621674,12.9322862625122,22.76393699646,21.2475719451904,"Ectopleura crocea",FALSE
"Edwardsiella lineata",283549,99,0,0,0,0,0,0,0,18.3680706999519,23.5250550388086,23.9677118647166,18.1002173170899,18.4958087759789,24.2635591692395,23.1164894838526,-1.47200000286102,1.17768394947052,-0.0200059991329908,1.01706397533417,1.28366100788116,1.39587604999542,1.33095705509186,29.5090007781982,31.21413230896,30.9043521881104,28.6367301940918,28.6275749206543,31.1607685089111,30.7992267608643,20.2700004577637,22.3073806762695,23.9104976654053,18.9669246673584,20.8773384094238,24.7932910919189,22.8899383544922,6.45336606423409,4.45305412660832,4.50369299590082,6.01613565492032,5.9463692557844,4.33982709123346,4.51882314595284,8.70879038658142,2.95347014007568,3.28123602104187,9.92690862693787,9.24368528995514,3.48288045730591,4.58149438705444,10.8938997268677,18.26784324646,18.6035671234131,11.0111967086792,11.767870426178,19.1042957305908,18.0134868621826,26.4804992675781,29.2413019180298,29.456937789917,25.9649255752563,25.8801139831543,29.5822906494141,28.9757040023804,"Edwardsiella lineata",FALSE
"Gersemia rubiformis",156103,4103,5,5,5,5,5,5,5,4.97345364525432,7.30858703900341,14.5120614114522,2.7301580243193,2.97831177953402,8.55259609306272,6.9576679090467,-0.971000015735626,-1.11616694927216,0.433845013380051,-1.57054901123047,-1.57418704032898,-0.987644016742706,-1.27809703350067,17.2600002288818,24.1002254486084,26.3399925231934,20.208927154541,20.9067764282227,25.1170845031738,23.585657119751,4.8675000667572,7.10329437255859,15.3299932479858,2.46654295921326,2.88846302032471,8.62660360336304,6.74370908737183,2.18487687447421,4.40886661037153,3.96370911894109,2.18074547751388,2.36185688648007,5.04585818747211,4.69795835815238,1.68719881696701,4.2298198674202,4.37045022697449,1.91052656242847,2.15907470855713,5.68162686424255,4.84407548804283,1.04889995157719,-0.0433596506714811,8.30467777252197,-0.741351330280304,-0.386723011732101,1.29209303855896,0.126856997609138,8.57099990844726,15.4554748535156,20.4612107276916,6.49392709732054,7.1869158744812,16.9066429138184,15.2630138397217,"Gersemia rubiformis",FALSE
"Halichondria panicea",165853,15120,2195,2195,2195,2195,2195,2195,2195,11.0695552777068,15.5483484832392,16.1987203073271,10.7319876298245,11.1213956062833,16.4086724020157,15.3545728345002,-1.5349999666214,-1.30763494968414,-0.970062017440796,-1.67062497138977,-1.63498997688293,-0.368317008018494,-0.981436014175415,29.5669994354248,30.9831409454346,30.9376258850098,28.4190521240234,28.4739151000977,30.9831409454346,30.3088207244873,11.0860004425049,15.5484237670898,16.4132175445557,10.9564189910889,11.1263971328735,16.538911819458,15.6374063491821,2.4335526689162,3.5653043672125,2.93913034720899,2.56073010385798,2.58863160638464,3.42900626123842,3.35538559690432,1.58786474704742,2.23881965789795,2.32100502891541,1.40753370380402,1.52902032680511,2.31688487319946,2.02532517871857,6.09160013198853,7.95679912567139,12.8599939346313,4.90435295104981,5.26120090484619,9.72989883422852,8.12274284362793,12.8970003128052,19.914571762085,19.6162872314453,12.7971305847168,12.938943862915,20.2531585693359,18.4679374694824,"Halichondria (Halichondria) panicea",FALSE
"Haliclona oculata",132833,3437,644,645,645,645,645,645,645,11.6098488920528,16.7243202483244,17.3122674052558,11.2183808923931,11.5928649181249,17.4982555485557,16.425950916073,0.628000020980835,2.11402797698975,5.88910293579102,-0.146870002150536,-0.146870002150536,2.16993188858032,2.02188491821289,29.0470008850098,29.1011924743652,31.0276508331299,23.7928981781006,23.7530288696289,29.3069267272949,28.1925678253174,11.8999996185303,16.7974052429199,17.2999935150146,11.5247020721436,11.9828310012817,17.7007598876953,16.6169166564941,1.74531719624752,2.19843502459993,1.87289551343645,1.9010883954616,1.81155673489299,1.93873018388506,1.86919265771553,0.910316875076294,1.70131607666016,1.20701333198547,1.12567772541046,0.968366673660278,1.30776909599304,1.12143738670349,8.06359996795654,13.2663502693176,14.510570526123,6.97854900360107,8.45723299980164,14.8887703895569,13.6998434066772,12.8290004730225,19.3607292175293,20.3481790542603,12.6678218841553,12.9368677139282,19.8326877593994,18.2003633499145,"Haliclona (Haliclona) oculata",FALSE
"Halocynthia pyriformis",103828,873,2,2,2,2,2,2,2,5.81919629753372,9.48305580358691,17.2299760146201,3.49450219923846,4.07927529903045,11.6293684977752,9.76150600179328,-0.460999995470047,1.33601701259613,3.16254997253418,-0.966576993465424,-0.966576993465424,1.4518209695816,0.829949975013733,23.1849994659424,25.3708438873291,26.1214618682861,23.3377895355225,23.8207740783691,26.3016471862793,25.9965362548828,5.9980001449585,8.76138782501221,16.3150253295898,2.70125889778137,3.35351300239563,10.3211221694946,8.66130828857422,1.62288053601763,3.76316861095692,2.5918621268435,2.0556382040267,2.18908806930137,4.12930516189849,4.20807554614465,1.84732002983093,3.96163717861176,2.59755598869324,1.15016978180408,2.18821537234783,5.53686433067322,6.08379591407776,4.24900007247925,5.1400101184845,13.9972581863403,1.6722069978714,1.65380150079727,5.25901508331299,3.4215794801712,7.94799995422363,15.8155212402344,20.5639333724976,7.99811887741089,8.4944372177124,16.9829959869385,15.5673751831055,"Halocynthia pyriformis",FALSE
"Hymedesmia paupertas",133621,3169,43,43,43,43,43,43,43,10.8929706153699,13.0269317822203,14.6762213389689,9.96164236500411,10.2361922296132,13.7949351549759,12.9130055458974,7.15999984741211,2.11402797698975,13.2312479019165,2.1012818813324,2.21763801574707,2.24192595481873,2.22405099868774,18.8999996185303,24.7915554046631,26.9265937805176,18.3380966186523,19.5812511444092,27.3334999084473,25.7769813537598,10.6260004043579,12.6197080612183,14.2324495315552,9.78731536865234,10.0440073013306,13.7139291763306,12.6874980926514,0.671687974565049,1.63089285586437,1.10125608981272,0.756748966624516,0.83447371378532,1.63766745891963,1.56452569063647,0.0993347768783569,1.12669857387543,0.151297660446167,0.327104167556763,0.448648761177063,1.0611253200531,0.853427902793884,10.2080001831055,10.6399993896484,13.8800582885742,9.21958923339844,9.3277063369751,11.0210771560669,10.463205575943,12.4697501659393,17.0299944877625,17.8097887039185,12.0399622917175,12.4207239151001,17.6810030937195,16.6843700408936,"Hymedesmia (Hymedesmia) paupertas",FALSE
"Isodictya deichmannae",157402,68,0,0,0,0,0,0,0,9.64058833963731,17.3812766636119,20.2536312692306,8.9627477351357,9.97375397121205,19.3883579899283,17.775555414312,7.76999998092651,10.4582767486572,15.1528282165527,5.58474111557007,6.18382692337036,10.4603452682495,8.73108196258545,11.7519998550415,22.5004081726074,22.3945960998535,11.9986162185669,12.3139591217041,22.7443351745605,21.2341232299805,10.4420003890991,19.2799711227417,21.0999927520752,10.4528908729553,10.7543730735779,20.7309474945068,18.5814008712769,1.42313749617072,3.42032007578599,1.89832702591001,2.20014281640816,1.71065040961168,2.95302876174101,2.97012678028886,0.76057311000824,3.59523175907135,1.20279137420654,1.93662942438126,2.00104043798447,1.94314404945374,2.26753208141327,7.76999998092651,10.8573527812958,15.4582538127899,5.58474111557007,7.30127484798431,12.0374765872955,11.0408982753754,11.576000213623,21.7799606323242,22.3945960998535,11.5813913345337,12.3139591217041,22.7443351745605,21.2341232299805,"Isodictya deichmannae",FALSE
"Leucosolenia botryoides",132216,1224,126,126,126,126,126,126,126,10.7058906880884,15.3702774317104,15.5825107345164,10.5894089663615,10.9562735913664,16.2027177834554,15.1191003478941,7.50400018692017,2.11402797698975,13.029673576355,2.1012818813324,2.21763801574707,2.24192595481873,2.22405099868774,21.8209991455078,28.9430484771729,28.9399929046631,22.8877716064453,23.1842136383057,29.218578338623,28.2859172821045,10.6180000305176,14.9429993629456,15.4399938583374,10.4910926818848,10.6775007247925,15.9685497283936,15.0603127479553,1.30811280138235,1.92983796247637,1.92013532831685,1.24034840206309,1.22824553926097,1.79791981315064,1.7292494719963,1.16309988098145,1.32614224748611,2.07246589651108,0.888036362457275,1.01109526176453,1.59602446517944,1.55530576086044,8.50800037384033,12.1962765693665,13.2189958095551,8.51074919700623,9.59875640869141,14.4861669540405,12.9034910202026,12.4692998409271,18.2834894180298,19.506477355957,12.3520574569702,12.813793182373,19.6713886260986,17.9014930725098,"Leucosolenia botryoides",FALSE
"Metridium senile",100982,11320,1132,1132,1132,1132,1132,1132,1132,11.1222977897304,15.5490860830017,16.2832973685787,10.719769083942,11.1622592912988,16.5707832891399,15.5129679026478,1.12800002098083,-0.819666981697083,6.71999406814575,-0.847196996212006,-0.847196996212006,-0.819666981697083,-0.839890003204346,29.1800003051758,30.9613056182861,31.3255500793457,28.9050731658936,28.9050731658936,30.9613056182861,30.0130996704102,11.0500001907349,15.1465034484863,16.0655956268311,10.7707014083862,10.9603471755981,16.1319179534912,15.282769203186,1.81260077916078,2.61795874992727,2.30959747435563,1.78140929267423,1.70514726721083,2.26847741808045,2.17681840949793,1.36102712802887,1.94207512779236,2.31113588447571,1.17558760070801,1.22365302057266,1.98612997055054,1.99998777637482,9.07999992370605,11.85426902771,13.5231685638428,8.9016923904419,9.71790313720703,14.3566312789917,12.9120435714722,12.951000213623,19.6452026367188,19.6801191329956,12.5733766555786,12.9603881835938,20.2531585693359,18.521297454834,"Metridium senile",FALSE
"Modiolus modiolus",140467,9053,733,733,733,733,733,733,733,10.4814801640164,15.7768079768436,16.3431372357103,10.258840019623,10.5543264597619,16.5032281761559,15.3440731779887,0.50900000333786,1.79657697677612,9.54266929626465,-0.137530997395515,0.454236000776291,1.88943195343018,1.85351395606995,28.746000289917,31.0671310424805,31.2405948638916,28.2033061981201,28.2104072570801,31.0339279174805,30.4555149078369,10.3544998168945,15.0491018295288,15.4024753570557,10.3212947845459,10.6287393569946,15.4055490493774,14.6141510009766,2.03441700665073,3.24882693077906,2.97872042678561,2.08586634735325,2.02235236182313,3.03459352198183,2.88010611862233,1.3306335565567,1.84798457107544,2.50411088533401,0.808531779098511,0.873070045280457,1.28728143081665,2.05817967367172,7.99599981307983,10.9476022720337,13.2096423149109,7.1190447807312,7.8672324180603,12.6817781448364,11.6540422439575,12.3526002407074,21.2422760009764,22.3256168365479,12.2176581859589,12.3622398376465,22.2686500549316,20.8160533905029,"Modiolus modiolus",FALSE
"Molgula citrina",103775,377,20,20,20,20,20,20,20,9.60319892698977,12.7540951912143,16.5517758418198,8.44503460294392,8.64998220061722,13.7639150467573,12.8050437609689,-0.65499997138977,-0.915023028850555,-0.604658007621765,-0.921032011508942,-0.926741003990173,-0.902131021022797,-0.919804990291595,25.6219997406006,30.2415561676025,30.8221302032471,25.0520668029785,25.0303268432617,30.3348388671875,29.2993698120117,10.085000038147,13.3704881668091,15.9199934005737,8.05816173553467,8.20783710479736,15.0065937042236,14.1019620895386,2.18900258452646,4.80407454256069,2.53983482464484,2.62512253372144,2.69134656328062,5.29468018394337,4.83865593778324,0.529288720321655,6.47232348747253,2.11919799213409,2.8549264500618,1.78241626596451,8.10500235099792,7.25987414417267,5.29400014877319,5.85280084609985,14.026961517334,4.02691349983215,2.95223903656006,5.49231481552124,4.5204381942749,12.3520002365112,20.6861324310303,20.1591472625732,11.4881109237671,12.0506134033203,20.7174968719482,19.245361328125,"Molgula citrina",FALSE
"Molgula manhattensis",103788,3026,264,264,264,264,264,264,264,12.5370727464136,18.6798316182044,19.0329171787734,12.2703597300904,12.4625378039589,19.0554159306081,17.9303581032263,4.72300004959106,1.17718398571014,12.7865915298462,1.17009603977203,1.17466497421265,1.18331503868103,1.17819797992706,28.7350006103516,31.1996898651123,30.9199924468994,27.5800647735596,27.610279083252,31.1309757232666,30.2595806121826,11.9095001220703,17.6567058563232,17.8018207550049,11.6358327865601,12.0442352294922,18.1726684570312,17.0489807128906,2.57809060116426,4.32069874655345,3.87979533071404,2.68296090329952,2.63467369774745,4.08788198892765,3.98220326541548,1.15123852672577,3.3165033662796,2.18811657485962,1.28943765506744,0.94250400094986,3.25656315994263,2.52610649356842,9.85400009155273,14.2813768386841,15.0863370895386,9.9497193813324,10.1498126029968,14.8871868133545,13.9736423492432,16.4260005950928,27.8184394836426,28.0418695449829,16.6800079345703,16.7070293426514,27.8161697387695,26.6584053039551,"Molgula manhattensis",FALSE
"Mytilus edulis",140480,129989,8429,8429,8429,8429,8429,8429,8429,9.98406440262645,17.6656961795593,18.4050849152934,9.44063955599246,10.0132987026739,19.3868333512391,17.513427943032,-1.19700002670288,-0.915023028850555,-0.604658007621765,-1.20244705677032,-1.20244705677032,-0.902131021022797,-0.919804990291595,29.117000579834,31.3118190765381,31.359992980957,28.8414440155029,28.8682327270508,31.3118190765381,30.5129642486572,9.86400032043457,18.7951240539551,18.8574752807617,9.8754711151123,9.9666543006897,20.3899536132812,18.0945835113525,1.68727338362888,3.25539150511239,1.74215246979724,2.2139904114406,1.7226104217263,2.25656672132498,1.93579202558792,1.7027653421402,2.69782253723145,0.938569775390625,2.15828291473389,1.71741706266403,0.75890892906189,0.866349695205688,7.96199989318848,11.8767523765564,14.3473224639893,5.94073915481567,7.38765907287598,14.9483375549316,13.9921426773071,12.5329999923706,20.8240299224854,20.109992980957,12.3520574569702,12.4700880050659,20.9270725250244,19.0267615318298,"Mytilus edulis",FALSE
"Myxicola infundibulum",130932,2885,207,207,207,207,207,207,207,11.9042105463162,16.4212964865545,17.2490600784649,11.6902343996587,12.0597426920484,17.3027193133202,16.2758377720897,0.105999998748302,0.406078994274139,5.81087779998779,-0.26850301027298,-0.266678988933563,0.920773029327393,0.362632006406784,22.4360008239746,28.3585472106934,29.474292755127,19.8850002288818,22.7987003326416,30.1913776397705,29.5871028900146,11.9680004119873,16.6107501983643,17.2400970458984,11.9149150848389,12.2965483665466,17.4703998565674,16.5296840667725,2.01104842674977,2.99584964342756,2.9594033513575,2.17197050816935,2.08346394456519,2.91061135013141,2.7618287647811,1.32173789434433,2.1846241985321,1.3553050037384,1.43965649642944,0.952415562915802,1.0292556186676,0.955750287437439,8.96399974822998,12.4637265205383,13.764376449585,9.21958923339844,9.76585483551025,14.4236068725586,13.1122070789337,15.9117502689362,21.9651098251343,25.2333414077759,15.5949712753296,15.6393928527832,23.5269088745117,22.1842403411865,"Myxicola infundibulum",FALSE
"Spirorbis spirorbis",334842,2845,337,337,337,337,337,337,337,10.9412303955622,16.9950764515813,17.0812632564152,10.9613438079897,11.2293949504123,17.5782495700001,16.4006549270818,-0.368999987840652,0.0523409992456436,3.23609399795532,-1.33906304836273,-1.21357095241547,0.927999019622803,-0.0346739999949932,29.3999996185303,29.8910942077637,30.8376731872559,28.382287979126,28.8774223327637,30.8454113006592,30.2367324829102,10.8030004501343,16.7810039520264,17.5599937438965,10.6737670898438,10.8264932632446,18.0842590332031,16.958532333374,2.52669362953229,2.8086672358255,2.92746106302738,2.42877136645422,2.38775277751154,2.79083677911216,2.62882372280614,1.6041735789299,2.87736390752792,3.60004332046509,1.29801872062683,1.19834531049728,3.41842278442383,2.72131619110107,7.72700023651123,13.8051168441772,13.7504358291626,7.84076976776123,8.11964797973633,14.5668878078461,13.3747899532318,12.878999710083,20.9966583251953,20.3881565093994,12.9099426269531,12.938943862915,20.9058609008789,19.0548583030701,"Spirorbis (Spirorbis) spirorbis",FALSE
"Styela clava",103929,3708,408,408,408,408,408,408,408,12.9477617914026,18.6439123279037,19.2077155197028,12.5979388013572,12.8646209813248,19.0693545353413,17.9697915638577,5.11100006103516,0.936272025108337,9.33526802062988,0.418610006570816,1.21523404121399,1.22487199306488,1.21960699558258,29.0179996490479,30.1663246154785,29.9631195068359,28.8049468994141,28.8049468994141,30.1663246154785,29.7305297851562,12.5150003433228,18.1501922607422,18.3638343811035,12.3670339584351,12.6101560592651,18.3745670318604,17.4013023376465,2.35607959479068,3.21405664915609,2.88677174800993,2.23907178590243,2.15863862418115,3.0525966816314,2.95059582992738,0.856202009010315,2.18421981811523,1.78237031364441,0.44594817867279,0.486294315719604,1.56330217151642,1.34183885307312,10.1920003890991,15.0807523727417,16.5800704956055,10.3572597503662,10.6625647068024,15.5158090591431,14.573281288147,17.9029998779297,26.3408718109131,26.1519985198975,18.1078681945801,18.1078681945801,26.3408718109131,25.2364349365234,"Styela clava",FALSE
"Sycon ciliatum",132251,8082,772,772,772,772,772,772,772,11.5707854844599,15.8688875909706,16.3665925783596,11.1812898981134,11.6181532404448,16.7679478585149,15.7899154336443,-0.676999986171722,2.11402797698975,2.0833899974823,-0.0370020009577274,0.0282450001686811,1.89816200733185,1.26029300689697,29.3999996185303,29.8910942077637,30.8376731872559,28.382287979126,28.8774223327637,30.8454113006592,30.2367324829102,11.6525001525879,15.6790285110474,16.3545150756836,11.0772333145142,11.6389169692993,16.8189105987549,15.9394998550415,1.1490378905702,1.91710583649429,1.97872739250655,1.1381638954363,1.1721262656589,1.75965422002402,1.65033058567821,1.20683659229279,1.75328744373322,1.87724135284424,0.997042335319519,1.25791577739716,1.94588987731934,1.56709712619781,9.91489992141724,12.994176864624,13.8699932098389,9.70545673370361,10.0251121520996,14.531102180481,13.2565050125122,12.9219999313354,18.5571784973145,18.5699939727783,12.623047208786,12.9910087585449,18.9285011291504,17.7614974975586,"Sycon ciliatum",FALSE
"Terebratulina septentrionalis",104056,288,2,2,2,2,2,2,2,6.12005592137575,8.79221824151252,17.2270615459322,5.83817678790253,5.55603829100468,9.37061713413186,7.80013568990826,0.0729999989271164,0.00302399997599423,3.99327111244202,-0.136985003948212,-0.169137001037598,-0.0306139998137951,-0.115180000662804,10.5690002441406,21.3688831329346,21.1997337341309,11.4847421646118,11.3549060821533,21.3688831329346,19.9528789520264,5.64199995994568,7.53862452507019,17.6697492599487,5.96421146392822,5.74425911903381,7.67934465408325,6.25439119338989,1.52115292174868,3.4696187652217,2.30225448012388,2.05403966301416,2.49745240126747,4.4803682898798,4.38276214445773,0.654568177127838,1.35255245976448,1.35930214862823,1.0596944355011,2.28207245593071,2.33010924396515,2.21664730997086,4.86199998855591,5.29441154003143,15.1598446369171,2.74582827091217,1.69891625642776,5.01433086395264,3.40507376194,9.01050043106079,14.723593711853,19.6139430999756,10.5068712234497,10.3416185379028,18.7935619354248,17.0519714355469,"Terebratulina septentrionalis",FALSE
"Phymatolithon rugulosum",157333,25,0,0,0,0,0,0,0,9.69295995473862,9.62906253814697,15.1816315078735,7.07352486371994,7.6717756152153,11.8631558609009,10.630785036087,0.538999974727631,3.03106093406677,4.86736297607422,-0.313906013965607,-0.313906013965607,3.15303492546082,2.00818991661072,24.6030006408691,12.9847459793091,28.7684173583984,10.4836149215698,10.6640777587891,14.8213777542114,12.874810218811,7.31899976730347,10.943021774292,13.6301679611206,7.28583288192749,7.79892921447754,12.9191627502441,11.7763729095459,5.47447116493106,3.09758665293197,4.87254554652158,2.74448567035911,2.64077791501718,3.36775265333272,3.28981140441923,1.30023998508453,2.82787043094635,1.3183692358017,1.93381290063858,0.584961723518372,2.8202239648819,1.62854315471649,6.18359994888306,3.58307275772095,12.7287130355835,2.78872609138489,2.93121910095215,3.8683611869812,3.06318593025208,22.2650005340576,12.8503942489624,26.564183807373,10.4836149215698,10.6640777587891,14.8213777542114,12.874810218811,"Phymatolithon rugulosum",FALSE
